[{"id":"user-image-fotokiarra.jpeg","publicUrl":"np://user.desktop.nicepage.com/Site_247874632/images/fotokiarra.jpeg","size":106667,"hash":"Ptqgwe+nzebRh7aitAGWUbR/Sg4=","fileName":"fotokiarra.jpeg","name":"fotokiarra","width":1194,"height":1600,"thumbnail":{"url":"np://user.desktop.nicepage.com/Site_247874632/images/thumbnails/fotokiarra.jpeg","width":187,"height":250},"folderId":null,"usages":["240613074"]},{"id":"user-image-logoanggrek.jpeg","publicUrl":"np://user.desktop.nicepage.com/Site_247874632/images/logoanggrek.jpeg","size":5334,"hash":"RgHfZj+JYdRrHEknQgr/UtTr3/U=","fileName":"logoanggrek.jpeg","name":"logoanggrek","width":225,"height":225,"thumbnail":{"url":"np://user.desktop.nicepage.com/Site_247874632/images/thumbnails/logoanggrek.jpeg","height":225,"width":225,"length":5334,"type":"jpg"},"folderId":null,"usages":[]},{"id":"user-image-Blog_Mengenal-Jenis-Tanaman-Anggrek-Tercantik-yang-Perindah-Rumah.jpeg","publicUrl":"np://user.desktop.nicepage.com/Site_247874632/images/Blog_Mengenal-Jenis-Tanaman-Anggrek-Tercantik-yang-Perindah-Rumah.jpeg","size":75811,"hash":"ZQGaz6RH9dRv9mgOerPlA6WzOOc=","fileName":"Blog_Mengenal-Jenis-Tanaman-Anggrek-Tercantik-yang-Perindah-Rumah.jpeg","name":"Blog_Mengenal-Jenis-Tanaman-Anggrek-Tercantik-yang-Perindah-Rumah","width":1200,"height":620,"thumbnail":{"url":"np://user.desktop.nicepage.com/Site_247874632/images/thumbnails/Blog_Mengenal-Jenis-Tanaman-Anggrek-Tercantik-yang-Perindah-Rumah.jpeg","width":250,"height":129},"folderId":null,"usages":["240613074"]},{"id":"user-image-f626679783f6c3f37416b593346a09f2.jpg","publicUrl":"np://user.desktop.nicepage.com/Site_247874632/images/f626679783f6c3f37416b593346a09f2.jpg","size":96192,"hash":"2dS2vFr99FbiojH78QFDZ1jA2Kk=","fileName":"f626679783f6c3f37416b593346a09f2.jpg","name":"f626679783f6c3f37416b593346a09f2","width":998,"height":666,"thumbnail":{"url":"np://user.desktop.nicepage.com/Site_247874632/images/thumbnails/f626679783f6c3f37416b593346a09f2.jpg","width":250,"height":167},"folderId":null,"usages":["240613074"]},{"id":"user-image-greekorchids_49_20210128154947jygvef.jpg","publicUrl":"np://user.desktop.nicepage.com/Site_247874632/images/greekorchids_49_20210128154947jygvef.jpg","size":116054,"hash":"x0MDWHNDHypjwAOlQv22DTbXKQA=","fileName":"greekorchids_49_20210128154947jygvef.jpg","name":"greekorchids_49_20210128154947jygvef","width":930,"height":620,"thumbnail":{"url":"np://user.desktop.nicepage.com/Site_247874632/images/thumbnails/greekorchids_49_20210128154947jygvef.jpg","width":250,"height":167},"folderId":null,"usages":["240613074"]},{"id":"user-image-16.-Inilah-Macam-macam-Bunga-Anggrek-yang-Perlu-Diketahui.jpg","publicUrl":"np://user.desktop.nicepage.com/Site_247874632/images/16.-Inilah-Macam-macam-Bunga-Anggrek-yang-Perlu-Diketahui.jpg","size":120308,"hash":"MonrlRA25Q9nA3jUYcpZiobbfvs=","fileName":"16.-Inilah-Macam-macam-Bunga-Anggrek-yang-Perlu-Diketahui.jpg","name":"16.-Inilah-Macam-macam-Bunga-Anggrek-yang-Perlu-Diketahui","width":1111,"height":812,"thumbnail":{"url":"np://user.desktop.nicepage.com/Site_247874632/images/thumbnails/16.-Inilah-Macam-macam-Bunga-Anggrek-yang-Perlu-Diketahui.jpg","width":250,"height":183},"folderId":null,"usages":["240613074"]},{"id":"user-image-077217300_1475575404-wesehat_com.jpg","publicUrl":"np://user.desktop.nicepage.com/Site_247874632/images/077217300_1475575404-wesehat_com.jpg","size":87692,"hash":"OT8eQYXXAmJ6uUjN/lYGXdvSDe4=","fileName":"077217300_1475575404-wesehat_com.jpg","name":"077217300_1475575404-wesehat_com","width":1200,"height":675,"thumbnail":{"url":"np://user.desktop.nicepage.com/Site_247874632/images/thumbnails/077217300_1475575404-wesehat_com.jpg","width":250,"height":141},"folderId":null,"usages":["240613074"]},{"id":"user-image-202202041645-main.jpg","publicUrl":"np://user.desktop.nicepage.com/Site_247874632/images/202202041645-main.jpg","size":97183,"hash":"W3eHkkRqnpxwBBkPkCrJx/SBVos=","fileName":"202202041645-main.jpg","name":"202202041645-main","width":1200,"height":675,"thumbnail":{"url":"np://user.desktop.nicepage.com/Site_247874632/images/thumbnails/202202041645-main.jpg","width":250,"height":141},"folderId":null,"usages":["240613074"]},{"id":"user-image-Jenis-Bunga-Anggrek.webp","publicUrl":"np://user.desktop.nicepage.com/Site_247874632/images/Jenis-Bunga-Anggrek.webp","size":58572,"hash":"gfDKZ9ctLKhoWUx66pVnibyY6Fs=","fileName":"Jenis-Bunga-Anggrek.webp","name":"Jenis-Bunga-Anggrek","width":900,"height":598,"thumbnail":{"url":"np://user.desktop.nicepage.com/Site_247874632/images/Jenis-Bunga-Anggrek.webp","width":250,"height":166},"folderId":null,"usages":["240613074"]},{"id":"user-image-ilustrasi-anggrek-1_169.jpeg","publicUrl":"np://user.desktop.nicepage.com/Site_247874632/images/ilustrasi-anggrek-1_169.jpeg","size":48883,"hash":"fDyfUqL3LYPzhzg4evrsU6q+cdM=","fileName":"ilustrasi-anggrek-1_169.jpeg","name":"ilustrasi-anggrek-1_169","width":650,"height":366,"thumbnail":{"url":"np://user.desktop.nicepage.com/Site_247874632/images/thumbnails/ilustrasi-anggrek-1_169.jpeg","width":250,"height":141},"folderId":null,"usages":["240613074"]},{"id":"user-image-w1200.jpg","publicUrl":"np://user.desktop.nicepage.com/Site_247874632/images/w1200.jpg","size":92739,"hash":"MjNS+RVmWqQjGc//l0h+8y+464w=","fileName":"w1200.jpg","name":"w1200","width":1200,"height":675,"thumbnail":{"url":"np://user.desktop.nicepage.com/Site_247874632/images/thumbnails/w1200.jpg","width":250,"height":141},"folderId":null,"usages":["127502191"]}]